id	unit	p5_barcode
Individual_73	1	ATCACG
Individual_74	1	CGATGTGAC
Individual_75	1	TTAGGCAC
Individual_76	1	TGACCAC
Individual_77	1	ACAGTGAC
Individual_78	1	GCCAAT
Individual_79	1	CAGATC
Individual_80	1	ACTTGAGAC
Individual_81	1	GATCAGGAC
Individual_82	1	TAGCTTAC
Individual_83	1	GGCTACC
Individual_84	1	CTTGTAGAC
Individual_85	1	AGTCAAC
Individual_86	1	AGTTCC
Individual_87	1	ATGTCAGAC
Individual_88	1	CCGTCCAC
Individual_89	1	GTCCGCAC
Individual_90	1	GTGAAAC
Individual_91	1	GTGGCCGAC
Individual_92	1	GTTTCG
Individual_93	1	CGTACG
Individual_94	1	GAGTGGAC
Individual_95	1	ACTGATC
Individual_96	1	ATTCCTC
