ATCACG	Individual_01
CGATGTGAC	Individual_02
TTAGGCAC	Individual_03
TGACCAC	Individual_04
ACAGTGAC	Individual_05
GCCAAT	Individual_06
CAGATC	Individual_07
ACTTGAGAC	Individual_08
GATCAGGAC	Individual_09
TAGCTTAC	Individual_10
GGCTACC	Individual_11
CTTGTAGAC	Individual_12
AGTCAAC	Individual_13
AGTTCC	Individual_14
ATGTCAGAC	Individual_15
CCGTCCAC	Individual_16
GTCCGCAC	Individual_17
GTGAAAC	Individual_18
GTGGCCGAC	Individual_19
GTTTCG	Individual_20
CGTACG	Individual_21
GAGTGGAC	Individual_22
ACTGATC	Individual_23
ATTCCTC	Individual_24
